ID,PM2.5,PM2.5_PopWtd,NO2,NO2_PopWtd,Access_City,Access_Motor,Access_Walk,Diabetes,Obesity,Smoking,COPD,COPD_F,COPD_M,CVD,CVD_F,CVD_M,HIV,HIV_F,HIV_M,Hypertension,Hypertension_F,Hypertension_M,Risk_Tot,Risk_Age,Risk_High,Cases_MERS,Cases_SARS,WorldPop,WorldPop_Density,WorldPop_65
AD,NA,NA,NA,NA,81.443977,12.214174,105.17227,7.7,25.6,33.8,407433.931,3.013461414,4.110801156,643524.0028,5.061536101,6.206603583,13599.76914,0.074028297,0.162393692,2803277.469,21.271659,27.7735211,NA,NA,NA,0,0,113964,160.06224,19777
AE,50.90654916,49.2503174,3.853168964,8.380161285,187.71289,104.48056,621.67438,16.3,31.7,18.2,28046713.43,2.485664724,3.326552213,81298715.96,8.137369825,9.269372164,479376.0858,0.011860084,0.069120468,117158943,8.66372999,14.5844901,0.215064874,0.245054875,0.03515054,26,0,9088021,100.16113,125702
AF,46.17404351,44.90784235,0.876913548,3.313142538,311.6507,223.39124,1212.5135,9.2,5.5,NA,66092258.93,2.477709855,1.933936387,263485080.5,7.957616136,9.236943674,547865.8178,0.011579518,0.023156564,700363194,22.3578844,23.5933945,0.185448719,0.280513519,0.03045731,0,0,30389700,33.652737,813021
AL,14.04468511,16.05544676,2.274730921,5.545869827,72.942101,38.394451,190.0054,9,21.7,29.2,4917041.53,1.34943582,2.181397993,21657188.59,7.0967188,8.446096403,3365.794764,0.000772361,0.001645707,88189988.39,28.4865453,34.8083169,0.264264854,0.196904814,0.05634605,0,0,2787698,63.493862,399693
AM,16.12684519,20.34901765,3.236005068,7.645777225,94.732925,34.331978,223.56815,6.1,20.2,26.7,7321981.835,2.055939599,3.245534631,22694627.45,7.315325083,9.030389769,119558.4058,0.029360219,0.057591356,76486265.63,26.7617958,28.1342269,0.288559778,0.23379689,0.06590305,0,0,2789961,64.060448,335074
AO,16.50725949,16.35519087,0.538562834,4.672138691,380.27219,255.86406,814.64301,4.5,8.2,NA,64317982.27,1.858669593,1.698310129,241912179.3,6.709285823,6.701955801,62323811.57,2.215497398,1.182964692,803620943.8,21.6224292,23.0065389,0.140421946,0.240235157,0.02709987,0,0,36074944,24.137907,853191
AR,6.327994764,7.18182479,2.09954524,6.612338066,210.09181,132.17136,650.3974,5.9,28.3,21.8,148083694.8,2.659976617,3.929729087,250160269.6,5.283370746,5.798294267,19274347.65,0.341577312,0.516425091,1094006764,20.6835089,27.9337389,0.218497774,0.195327178,0.04559235,0,0,45241880,11.361794,5262759
AT,13.19736391,14.86968822,4.730382442,7.334787846,51.428123,14.386621,125.55064,6.6,20.1,29.1,30300893.48,3.007606061,3.91580328,60559841.8,6.270821033,7.555602142,1529242.679,0.083975359,0.268261564,240600619.9,24.690988,30.2498269,0.306160126,0.194299225,0.06099115,1,0,8783073,60.95504,1662716
AU,4.49362104,5.686630585,0.666601956,5.571048737,843.24878,264.43478,1505.0906,5.6,29,16.2,73693078,3.373220161,3.601554418,151957546.4,6.050181964,8.355169622,1336286.422,0.026189929,0.101178319,399439769.1,16.8632529,20.9785299,0.240407595,0.171786752,0.04482187,0,6,21140044,2.1216061,3426652
AZ,18.44522062,19.16046578,2.324945927,4.719820023,87.777885,60.971176,300.78314,6.1,19.9,19.6,26306421.04,2.223644458,2.93474585,86017122.8,7.47239954,9.388378645,299266.6439,0.015656496,0.043323034,235705298.5,22.2540674,23.8933347,0.24273757,0.229783594,0.0538693,0,0,10220847,78.324265,690685
BA,16.84028906,17.98561677,2.798742771,3.451641798,74.203087,18.42984,127.86188,9,17.9,38.3,8303198.023,2.018873857,2.961465976,26459766.32,7.089449663,8.745611067,10676.23099,0.002125803,0.004303538,123131741.3,35.4349599,38.1209583,0.339935023,0.221197193,0.07999977,0,0,3351225,40.539822,596076
BB,6.089015143,6.08359073,3.944468498,4.776596069,6.6830707,4.4590302,53.104332,13.4,23.1,8.7,304583.4619,0.975599502,1.249404602,2012726.259,6.914988759,7.739827252,125636.2918,0.361274391,0.560752823,7682752.755,26.7103558,29.19584,0.305721056,0.218502689,0.05782005,0,0,275445,529.70215,44968
BD,68.75077009,72.70523684,3.455399752,5.711639404,37.075157,32.713253,132.04317,9.2,3.6,39.1,503957079.9,2.896687864,3.213897118,1039507098,5.865640743,6.737350865,863875.0953,0.004241571,0.006224823,3444461746,20.1878397,21.5814299,0.164266441,0.187789634,0.0344779,1,0,164896416,934.90356,8403617
BE,13.8748233,14.72702878,7.77984333,9.85800457,14.28505,6.5182505,78.614342,4.6,22.1,25,50657519.59,3.835995648,4.919573148,71757697.67,5.720223807,6.672285134,2087671.772,0.124932103,0.237053405,273164344.6,19.7583989,27.4872093,0.298328651,0.195382742,0.05923436,0,0,11600964,206.44856,2218516
BF,58.91402593,58.66537976,1.276966691,2.697579384,116.44661,41.492443,115.10783,7.3,5.6,16,33548458.66,1.504139203,1.434155834,132178137.9,5.601236906,5.997054104,13387428.33,0.700170388,0.465688872,558181043.9,25.1763732,23.7011127,0.134567338,0.222608887,0.02628065,0,0,22817800,69.777496,530003
BG,13.46820808,15.12224173,2.396633387,3.512327671,89.865135,25.940252,195.7283,6,25,38.9,19951292.83,2.438552856,3.360071364,55391840.25,7.165627319,8.907858125,174522.6305,0.012604212,0.038682755,251079571.4,33.2580044,39.5494754,0.346276687,0.214526509,0.08533771,0,0,6915880,39.22279,1501862
BH,52.12011366,55.91641535,12.27449608,17.96888161,11.561626,12.013113,129.37103,15.6,29.8,25.1,4818826.551,2.03340681,2.217031323,17525133.99,7.09451312,8.230029565,29717.58647,0.010290632,0.014922931,36505102.52,14.0416782,17.5526212,0.213245565,0.240078303,0.03918187,1,0,2239835,2437.2527,59520
BI,21.03527511,21.87731309,1.296471953,1.569824219,36.602757,10.282607,66.167557,5.1,5.4,12.6,20355015.67,1.630708146,1.962587095,75216647.06,6.563547882,6.702211565,12043902.75,1.349347051,0.76796455,244917278.1,22.0624177,21.1171623,0.128276025,0.216027808,0.02392474,0,0,11354581,385.94769,301014
BJ,68.30857511,71.35042284,1.295109749,2.298987865,110.32185,46.819485,155.30682,1,9.6,7.2,25628034.86,2.031408414,1.902919932,84124128.57,6.200439906,6.73635035,10492674.68,1.006420206,0.596032719,278231796.2,21.3262115,21.4217545,0.146981425,0.224321883,0.02816253,0,0,13017990,95.162834,353727
BN,12.28775501,13.1479763,2.397631884,3.918959856,242.30626,140.91243,385.73355,13.3,14.1,15.5,1458354.813,2.856114602,3.613980205,2628480.721,5.622488866,6.065035226,51262.02528,0.06006753,0.16514453,8052031.769,14.455768,21.1954664,0.230985263,0.228769324,0.04498152,0,0,449312,66.348495,25187
BO,13.37665525,12.43416748,1.257235289,3.67476511,445.49918,298.52036,1028.0754,6.8,20.2,NA,23126060.55,1.927666899,1.973134692,51265074.15,4.188251086,4.459373461,1740665.116,0.103509242,0.190322983,179807595.8,13.6011278,16.7355096,0.171228292,0.191058415,0.03142161,0,0,11860514,9.0161867,833912
BR,11.62951172,9.949585486,1.33224237,7.881856441,736.97809,530.60455,1332.0337,10.4,22.1,16.5,514185368,2.533580856,3.120196528,1052836193,5.367432044,6.199374998,70522662.42,0.278839335,0.500328062,4221906822,20.4470955,25.9946317,0.201606934,0.180127808,0.03988518,0,1,216318064,21.290783,20627258
BS,5.197852895,5.113017725,0.540871441,4.281250954,452.77246,228.30449,2423.8279,8.8,31.6,10.9,480452.3209,1.01831935,1.541035682,2622726.648,6.488454048,7.403619488,378640.2145,0.908614544,1.099361981,8030031.208,17.8850341,24.8170524,0.234775507,0.219653903,0.04842287,0,0,378604,22.272137,37945
BT,28.23106331,36.95976542,1.239461064,2.047267437,494.33014,326.21674,718.04852,10.3,6.4,NA,2858000.794,3.352032111,3.309038912,5250568.592,5.402396134,6.753490914,78786.99522,0.062125011,0.118237223,19946946.68,21.5726774,24.7207098,0.169524173,0.189766169,0.03345307,0,0,858436,16.847609,44767
BW,9.807952652,10.12598052,0.670572162,1.570470333,384.73505,131.88062,493.19214,5.8,18.9,23.7,5991731.934,2.183307899,2.791764257,16516008.73,6.585555035,7.150685887,39251565.12,18.61107397,14.1521796,54247037.08,22.5722389,22.5821714,0.272690167,0.332725137,0.04127721,0,0,2402724,3.2950499,102686
BY,14.28726995,14.8512395,3.111583948,7.740992546,80.232132,19.636738,179.89503,5,24.5,26.6,18994793.63,1.23811543,3.06119863,70553779.2,6.957949608,8.576298796,1550690.511,0.138012138,0.206163062,292075711.1,29.0834599,35.1731129,0.308196436,0.217371526,0.07221632,0,0,9169488,22.723469,1431322
BZ,12.26210249,11.96942842,0.577534676,0.680800438,255.61792,119.56868,435.15515,17.1,24.1,NA,782329.2088,1.60551637,2.196775474,2933113.57,6.70592134,7.549384775,280916.901,0.566962889,0.798358728,7531612.943,16.4080531,20.196866,0.19049827,0.22647191,0.0326212,0,0,411517,15.335642,16745
CA,4.383829755,8.260776969,0.828899503,10.63928127,3283.3181,1320.1741,4649.731,7.6,29.4,17.5,108033659.6,2.838006436,3.042423949,276974525.6,7.232945995,7.845009078,8359996.455,0.112576147,0.347007417,633054575.6,15.6761014,18.822422,0.268111788,0.174412621,0.05244772,0,251,36769980,1.5467317,6732234
CD,32.08500174,30.53744256,0.533208251,1.775595546,455.71198,208.68182,359.92502,6,6.7,NA,229063790.1,2.067136544,1.931691054,688081981.6,6.087701273,5.934495096,67398082.67,0.778524543,0.383840999,2491015094,20.531966,23.1169806,0.144553346,0.233814991,0.02713462,0,0,114410904,42.306812,3373653
CF,33.39336494,36.23882911,0.380654722,1.680893183,652.04651,243.45314,420.12057,6,7.5,NA,10411969.75,1.859759036,2.001651318,33952293.49,6.326163612,6.248646931,15049008.46,3.562594814,1.962287603,133623818.7,24.1682318,25.368514,0.156252239,0.251463386,0.03223213,0,0,5399012,7.3911076,190770
CG,35.13332146,34.7259401,0.638056159,2.231424332,765.26776,294.30707,663.37238,6,9.6,16.1,8459841.265,2.461839343,1.716274997,27420539.01,6.88498985,6.687289877,8250983.631,2.654996238,1.413024529,84069272.88,19.1578001,22.507121,0.165291789,0.246213317,0.03228255,0,0,4039875,10.114681,163242
CH,13.22384588,13.85186536,4.674900532,7.205999374,50.469692,18.116243,101.28507,5.7,19.5,25.1,24727596.14,2.583273835,3.104930588,48010200.25,5.025478659,6.018287262,1792998.184,0.141806868,0.271770822,204583652.2,20.2258134,26.8638966,0.287620985,0.184334137,0.0546954,0,1,8709241,127.09396,1664024
CI,53.82992603,54.50996908,0.747499228,1.827562094,117.13599,44.482956,135.589,2.4,10.3,13,46033339.01,1.703649754,1.770235653,176432059,6.354259939,6.96238075,57039438.29,2.866041682,1.428620507,568559765.3,19.6657702,23.2581875,0.151075515,0.234967481,0.03169649,0,0,26505782,69.995941,785653
CL,6.710323881,12.95045517,1.346770763,7.390228748,413.47766,290.27704,1141.7803,8.6,28,44.7,49200998.67,2.123863518,2.640733125,104387957.7,4.646086509,5.460070409,6201781.556,0.101082405,0.502724922,471021186.3,19.2201036,26.4148867,0.230781409,0.184947728,0.04472163,0,0,20674276,18.248503,2310054
CM,42.98774115,46.11135237,0.778599322,2.217248201,241.13898,101.16293,235.28149,6,11.4,9.3,64256563.59,2.327053322,2.22782324,176696281.4,5.970675732,6.561690233,73828699.77,3.287069331,1.936152016,524610858.2,17.9041865,19.3014365,0.145795447,0.230355039,0.02927307,0,0,28209344,51.555649,875643
CN,31.73088927,47.21721058,2.484075069,8.359832764,465.35529,332.27637,1033.3904,9.2,6.2,24.7,3674732390,2.669762704,2.429542566,9462250297,7.035481462,6.102815165,49883032.95,0.018312678,0.050034866,29709400211,18.5594979,22.5198786,0.244324361,0.193100972,0.05023996,9,5327,1442965120,105.88853,172914080
CO,19.91611563,23.30323684,1.544462562,3.796326637,1289.6891,859.32599,1777.1334,7.4,22.3,7.9,166381917.1,2.319488034,2.965864346,291315687.1,4.395900568,4.841162875,13632861.49,0.098236748,0.33948834,1151220017,16.4112716,20.1404421,0.196202101,0.183682344,0.03782778,0,1,63150700,47.344856,5398544
CR,8.140162524,8.27241585,1.851676345,4.782557011,152.93941,75.466438,231.15491,9.1,25.7,9.8,10835428.85,1.924499678,2.596608301,27477079.41,5.648513345,5.772453002,679840.0685,0.062405488,0.224593852,87239648.97,16.0929487,20.2738112,0.231491527,0.202514857,0.04114797,0,0,4813151,79.249687,500020
CU,7.761801522,7.715567014,1.901398063,2.981773853,81.343781,39.167126,253.91145,9.6,24.6,27.1,30983893.76,2.790068499,2.81232493,71031203.49,6.013280796,6.835105545,2126685.416,0.085093025,0.300776115,254160419,21.9162949,24.0521834,0.273173146,0.192111131,0.0545036,0,0,11061222,79.648186,1777606
CV,32.92930287,33.9105624,1.475237966,1.483952403,523.70062,16.113661,90.577827,2.4,11.8,NA,845620.9416,1.471121308,1.715819393,3967648.085,7.197617678,7.747589433,282811.2007,0.613984792,0.448597656,13371145.72,24.8302541,25.5203794,0.187560699,0.21633349,0.03832224,0,0,531217,106.69158,31216
CY,13.55428679,14.17627537,4.60048008,6.340314388,39.028027,15.538615,158.53038,9,21.8,36.7,2900247.269,2.388181379,3.788009714,5264830.862,5.183861221,5.974960998,13066.18284,0.007782558,0.020227757,20765215.43,18.785542,25.3297753,0.2457092,0.183308119,0.05178057,0,0,945642,116.35807,156373
CZ,16.76710801,17.8993814,6.313633442,7.938811779,29.545811,9.7526665,99.069199,7,26,31.5,30914078.29,2.27503703,3.459419472,91525450.38,7.680213365,9.257905515,149559.3097,0.005220007,0.022764945,369758717.7,29.292954,39.2089012,0.341421574,0.219123852,0.07520233,0,0,10840555,76.580841,2175468
DE,13.63231879,14.03116699,6.802722454,8.644570351,35.306419,14.881975,143.65631,10.4,22.3,28,32900.42457,3.429831136,4.142028289,55395.05163,5.754528419,6.99518768,686.1482834,0.045657158,0.113320529,241115.2982,24.8419646,30.6615459,0.317083159,0.187545944,0.06395515,1,9,8707,248.76251,1899
DJ,28.90297234,28.83843087,1.27868247,3.330945253,219.45683,88.186096,224.96075,5.1,13.5,NA,1704018.601,1.321294437,1.713564136,8170051.219,7.103043379,7.452897511,1333310.03,1.43899911,0.938303289,24452715.78,20.1884141,23.3700033,0.178098554,0.211118557,0.03691622,0,0,1122483,43.412876,49353
DK,10.44148286,10.92252113,4.584144592,6.40936327,54.653748,10.200877,120.81816,8.3,19.7,18.6,27744268.59,4.693220402,4.803363666,37266984.01,5.958518049,6.802516215,592255.8877,0.100408497,0.102311568,158044424.7,22.0646829,32.0988316,0.317862468,0.208992969,0.06541576,0,0,5843744,65.476112,1153168
DO,9.049391307,9.413419487,1.905161142,5.778076649,81.875694,50.394173,178.4113,8.6,27.6,9.4,16620619.47,1.306082164,1.462195747,83233613.56,6.495082533,7.367001815,6793382.088,0.56398107,0.568193281,241667941.3,17.8703003,22.3554982,0.189522636,0.19784313,0.03478284,0,0,12000077,202.29735,941777
DZ,42.87025771,17.40685929,0.885121584,5.591896057,1204.9388,769.02216,2270.0906,6.7,27.4,18.8,83010606.57,1.647286,2.12110181,361550601.4,7.699579249,8.724966273,1028683.964,0.020201758,0.026492244,953006243.3,20.9052201,22.4012941,0.211916123,0.22989827,0.0385578,1,0,43995416,14.372406,2994188
EC,14.3874034,13.35152173,2.325314522,4.460927486,514.0127,298.75143,722.14276,5.5,19.9,NA,27063596.82,1.385390199,1.685412586,82301986.15,4.449794041,4.885120995,4143179.695,0.138491429,0.332731172,295564489.9,15.0676966,18.4698164,0.175943434,0.184950438,0.03266098,0,0,17639318,58.868763,1374893
EE,7.777028325,7.716126974,2.817804575,9.187649727,91.856842,30.536606,293.32047,4.2,21.2,30.5,2227092.781,1.147051909,2.130154248,11913629.58,7.619669315,9.699091761,351382.6558,0.162275151,0.357467544,47705497.06,30.9901074,38.2905089,0.346653657,0.228383988,0.07376105,0,0,1386928,14.276736,281892
EG,31.83806945,29.92025506,1.117339015,9.253219604,942.68811,671.17657,2054.5889,17.2,32,21.4,269543980.4,2.265375374,3.331635825,931577353.5,9.192043021,10.21489792,475054.4901,0.003076575,0.006745473,2169081209,22.8799439,22.3753786,0.215344669,0.25740498,0.04297676,1,0,95885008,74.969025,5082329
ER,25.76684496,23.87599952,0.757285178,1.164476156,364.78305,195.19098,333.73615,5.1,5,7.2,8065969.335,1.584745041,2.263518814,27576571.56,6.534054189,6.629243598,2036111.672,0.60003898,0.37256118,88205309.95,21.0951275,21.0096139,0.144102854,0.208157274,0.03020797,0,0,4189829,28.691172,146347
ES,8.894667303,9.788723556,3.667662621,6.482259274,50.495628,10.934297,87.199318,6.9,23.8,27.9,181745469.7,2.43910651,4.576693304,290301389.5,5.129691442,6.026769657,9798413.322,0.080365998,0.299941795,1311286194,22.2603332,28.1699887,0.293379123,0.18387701,0.05472501,0,1,52459400,68.013908,10432410
ET,18.14343709,19.83288918,0.94155848,1.767993093,245.39027,111.99495,281.44183,4.3,4.5,4.6,125070156.1,1.152552447,1.257705531,626277477,5.868059159,6.199173086,109273805.5,1.30094047,0.799080434,2449520392,24.2413624,22.9309096,0.12786465,0.194522492,0.02475118,0,0,103825968,78.019409,3251668
FI,4.986162463,6.481011193,2.545142174,5.756582737,152.25401,45.442364,351.82904,5.6,22.2,19.7,13901312.7,1.814406889,3.199648921,34552196.77,5.735688514,6.680200807,123455.6273,0.017556889,0.026917235,147859861.2,23.4844417,29.6875183,0.314140705,0.198507338,0.06210452,0,1,5573732,6.2922997,1234424
FJ,1.841789749,1.872374507,0.19059509,1.522157907,324.57428,115.85181,862.56824,14.7,30.2,26.7,634568.5812,0.660707362,0.750392968,6699259.758,7.287473726,7.62149196,47589.03394,0.056060442,0.050008318,18255810.42,19.7004922,20.9212324,0.309310934,0.328950157,0.07059301,0,0,898304,38.711658,63961
FR,9.696660141,11.44881784,4.417459011,8.379734993,32.7556,12.598067,131.64954,4.8,21.6,34.6,148999127.1,1.769729019,2.660013405,403312924.9,5.369118697,6.583433711,9242274.117,0.081508295,0.195117108,1936233849,24.5105996,32.9544374,0.275654255,0.17435683,0.05235994,4,7,67819936,73.097343,13717880
GA,25.54215699,25.2279316,0.695329428,1.33937943,568.82874,189.85812,441.93051,6,15,NA,5068421.617,1.49843326,1.871952643,19989127.77,6.568009608,6.680316231,9617930.162,4.222284743,2.081292078,64635620.76,19.2524582,23.7191803,0.180691263,0.247445506,0.03549632,0,0,3018435,9.7767839,95667
GB,8.380133922,11.31847649,4.437267303,8.9939394,50.687561,16.822186,152.16605,3.9,27.8,19.2,287572335.3,4.165195642,4.407452582,410133932.9,5.605095086,6.631848023,12481109.89,0.112342827,0.261904782,1364019368,18.8345101,21.8568395,0.291252592,0.198728989,0.05595221,2,4,67286184,138.56555,12455671
GD,5.598437507,5.559604537,0.174358174,0.170765281,498.43616,9.2893648,63.549397,10.7,21.3,NA,149117.0906,1.506072859,1.640121389,690766.9855,6.817050063,7.758657194,22310.06322,0.166028243,0.305185756,2103723.58,20.3138397,24.0800809,0.246486829,0.225073689,0.05630056,0,0,94809,222.03497,7228
GE,12.21656022,15.16476748,2.351809263,5.39430809,157.64038,70.980499,316.72028,5.8,21.7,29.7,9649792.236,2.046838644,3.208474776,33643479.25,7.990873097,10.24719396,412032.7516,0.055460787,0.172083774,116902734.5,31.118775,31.9233155,0.317468447,0.238509308,0.07743418,0,0,3711014,33.898582,568023
GH,62.49448156,63.8625028,1.166057467,2.770981789,109.64876,37.731979,120.61112,2.5,10.9,3.7,59337565.91,1.635736164,1.969488796,221566122.2,6.676729797,6.786004089,36802978.75,1.455931992,0.780794815,612713536.4,17.4584698,19.7695521,0.164266754,0.229250311,0.03428355,0,0,32915274,118.78139,1242341
GM,50.97083992,49.5982937,2.019943476,2.749063969,97.427345,16.869102,74.03717,1.9,10.3,14.4,4951428.982,2.161803758,1.970978557,16916989.77,6.826394188,7.327644953,3611037.042,1.767523307,1.234871091,51453435.96,19.9652446,23.133097,0.134841156,0.224665271,0.02696766,0,0,2392912,186.91705,56582
GN,45.96247512,45.13523801,0.718485475,1.443687916,127.99567,32.701752,117.02181,2.4,7.7,NA,24911457.8,2.00631549,2.028978889,74510942.93,5.775162986,6.318585158,16790808.33,1.627972322,1.062521811,298281304.6,24.6852086,23.5614668,0.139268455,0.224985039,0.02797664,0,0,12350294,42.421486,413951
GQ,25.90887408,28.05247803,0.760920465,0.672985017,219.71658,83.895638,304.3714,6,8,NA,2369286.466,2.09616307,1.591535161,8495525.412,6.628309405,6.596388417,8469576.635,8.32396658,4.856941536,30818832.42,22.354025,25.623959,0.17776322,0.260444953,0.03308896,0,0,1284794,40.789696,34416
GR,11.89576653,13.57412934,2.560017109,6.379563808,67.199753,20.729849,201.96561,4.7,24.9,39.1,32547962.12,2.70912602,3.515230888,58252517.8,5.102887668,6.019198722,441216.7792,0.027474826,0.057553811,272632285.8,23.8722784,28.1818069,0.303370846,0.180185427,0.05974473,2,0,10504808,53.04789,2376053
GT,15.57208906,17.87704635,1.460792422,3.703413486,180.95358,96.341133,408.05472,10,21.2,NA,23527952.44,1.185348116,1.391076454,94192156.59,5.057742388,5.256563361,3673946.166,0.121295854,0.281058016,311552979,16.1076613,18.008645,0.173878649,0.229841169,0.02965141,0,0,18264480,137.86386,903527
GW,44.70933868,44.90995145,0.547657013,0.770605206,158.53247,76.699707,419.27899,2.4,9.5,NA,3860230.922,2.021638559,2.142929732,12038361.85,6.291462884,6.696805108,4017500.376,2.566501341,1.739158364,44583454.17,23.8736396,24.1923057,0.152958385,0.239825908,0.0317893,0,0,1855464,45.877361,57116
GY,12.46254608,12.43015076,0.827150881,1.864599466,1559.6593,1451.5098,3115.814,11.6,20.2,12.2,980281.0868,1.173439435,1.554544566,5086876.059,6.618768673,7.544134661,913361.3991,1.362507078,1.18272806,14016008.72,18.2320335,20.7913388,0.222900648,0.235829253,0.04116658,0,0,718407,2.9165964,39379
HN,12.6622333,13.94552298,1.193152308,2.464045763,286.63589,199.16171,548.96289,7.3,21.4,NA,22322329.45,2.649448504,2.006950772,51348099.26,5.260214913,5.501407886,1099368.78,0.096607437,0.134769452,164942350,15.9222167,18.7056883,0.17312587,0.217182603,0.02917059,0,0,9549104,70.555359,485164
HR,14.65198361,15.23981553,3.876852512,4.839007854,41.152702,16.780777,127.84193,5.4,24.4,36.6,12152431.11,2.265446316,3.716625422,29894356.47,6.486592498,8.155595797,72478.83835,0.007301233,0.028875583,168234489.5,37.5775347,44.7371117,0.3373016,0.207695819,0.0779229,0,0,4101371,43.780178,855616
HT,9.153432451,9.40220171,1.824495435,3.9398489,61.319923,20.518147,59.859749,6.7,22.7,8.3,26923756.7,1.808019074,1.899260514,95298285.47,6.291981256,6.83226915,21777709.39,1.701673355,1.292334177,293828386.8,19.2993107,21.167994,0.187856365,0.232967288,0.03588473,0,0,14528272,435.65646,660562
HU,15.92125797,16.38158445,5.065337658,6.640629768,39.479908,13.992006,117.96071,6.9,26.4,30.6,36212350.68,3.280110782,4.510607599,78287876.46,7.505788344,9.293757743,155894.7959,0.005860062,0.028541974,344017274.8,33.3189857,40.4674273,0.341323779,0.218206604,0.07870573,0,0,9369732,59.28672,1881012
ID,17.66116686,34.39239941,1.048445106,3.210066319,492.53799,278.29269,707.77222,6.3,6.9,37.9,707419774.7,1.988532957,3.032735731,1779694806,6.290506814,6.348471965,30656464.47,0.084964289,0.132629139,6192354766,21.4462477,22.5281217,0.221830279,0.227868898,0.04713892,0,2,281616672,127.39873,15767469
IE,5.378640751,6.141766061,2.85697794,5.213339329,44.585827,11.077654,162.22006,3.2,25.3,23.6,22019895.31,3.950497907,4.111848369,33058324.47,5.571581977,6.540667839,252565.746,0.031812758,0.060973394,124595357,20.222055,25.4464316,0.266348667,0.204854049,0.04941176,0,1,5464581,40.289165,790331
IL,21.24122283,20.79267122,5.722121716,8.525292397,43.713676,23.824326,192.85655,9.7,26.1,25.5,21816691.87,2.124367933,2.796635184,48252802.78,4.920583829,5.956981762,1350765.421,0.086389471,0.219592772,166015576.7,15.664239,21.7969195,0.204699738,0.181358669,0.03843969,0,0,8884017,297.70181,1118573
IN,57.72599909,72.23135981,3.761749268,5.282126904,79.662811,61.401276,207.07816,10.4,3.9,27,4883967087,3.51686429,3.425912913,8942443298,5.810060283,6.856590103,185367251.8,0.110794259,0.151075647,33095786207,22.7401714,24.2281547,0.215203555,0.22755175,0.04154176,0,3,1407610880,357.89706,91445872
IQ,27.75101178,25.95203219,2.302174807,5.393425465,289.7623,240.98712,752.86786,8.8,30.4,22.2,49267098.14,1.145821993,1.069460521,408410038.9,8.525985099,9.822038321,269502.7214,0.007194351,0.00493904,861600841.8,18.559733,20.1575549,0.170987859,0.246313648,0.03292304,5,0,44495216,72.400681,1427104
IR,33.24250199,28.45571321,2.458590508,5.559513569,262.82935,180.99266,633.55682,9.6,25.8,14,173469040.9,1.894860017,2.42512077,769017677.9,8.569694949,10.5830774,2399007.668,0.023870136,0.035851913,1370916275,16.0797886,18.070984,0.215294,0.219002052,0.04537768,6,0,80265200,35.859539,4969041
IS,3.409424916,3.319399329,1.578585863,3.521733046,366.24036,146.12178,857.68738,5.8,21.9,13.8,1097279.059,3.295836577,3.133518819,1954228.04,4.964855576,6.485256539,19011.91298,0.02627576,0.085107693,7908011.128,16.9449526,29.3878061,0.264875911,0.197068973,0.04912527,0,0,341336,1.2272581,52700
IT,14.10257843,16.56195583,4.020086765,7.01171875,41.58902,8.4230347,77.855629,5,19.9,23.4,16406249.23,1.970501503,3.073596844,52764623.47,7.757209356,8.372984914,875719.1548,0.105409463,0.163815305,194682498.3,27.7819223,31.7872531,0.307103158,0.174828807,0.06058047,2,4,6589304,88.557579,1511640
JM,10.32678805,10.4084656,1.250201702,2.159558058,59.243393,28.653238,141.37637,11.3,24.7,11,5256099.124,1.102539173,2.796202377,19772385.44,6.813150031,7.778429799,1488865.913,0.496533757,0.602678447,59521461.5,19.7990093,24.1464231,0.240100087,0.22744877,0.04923543,0,0,2712589,200.5166,280539
JO,23.53251908,22.55281828,2.240098715,9.726649284,324.57227,229.12053,677.75677,12.7,35.5,NA,12120755.86,1.318716967,2.05469415,60466322.74,7.829308794,9.068284301,42833.09649,0.003014155,0.00881648,117030332.2,13.7710053,18.8576258,0.184508132,0.238524929,0.03490272,4,0,7141988,59.007133,281724
JP,11.7401448,14.4024384,4.060726166,9.65422821,36.762447,18.847525,142.29128,5.6,4.3,21.9,196679925,1.096842366,2.028057776,801333314.5,6.595382253,5.977033549,3398522.125,0.015484125,0.038772409,3396887746,23.687099,29.928021,0.333839127,0.185291817,0.05904369,0,0,127248792,232.89558,35679468
KE,10.50050732,12.03801154,0.940790594,2.361867666,220.44946,77.405037,203.37796,3.1,7.1,11.8,99363401.51,1.687012362,1.914196578,392385089.9,6.912592118,7.309468838,239359324.9,5.273216072,3.406290219,1098685993,19.3171809,20.5047297,0.157278007,0.233928009,0.02700343,2,0,55176940,81.964249,1543117
KG,27.55427486,26.19014847,1.824940681,5.584641457,302.30646,204.02141,679.24719,6.1,16.6,27.9,18396781.71,2.530780583,4.012439369,42076664.45,6.608491013,8.335389056,579369.4022,0.09412208,0.111563416,128251467,22.3221928,23.1699683,0.177585574,0.211078206,0.03898359,0,0,5639765,18.916246,288064
KH,17.27358167,17.57145908,1.203748822,3.357052565,209.90508,108.02238,440.39264,6.4,3.9,21.8,46813173.81,1.812224213,2.988970576,110038778.3,5.358976449,5.876542401,9442410.32,0.448366445,0.516275658,443238349.5,22.8413324,22.3582941,0.18415313,0.221402913,0.03758421,0,0,19607806,91.280609,849211
KM,3.541891885,3.537668391,0.12154489,0.151303649,124.69023,73.504974,99.253105,12.3,7.8,19.5,1295390.922,1.399161275,1.695779859,6006569.868,7.092955047,7.268548846,15638.76859,0.009785656,0.027453494,18470671.07,21.8842402,22.2797856,0.140289496,0.207311055,0.02967988,0,0,836391,417.15277,25974
KR,24.73095639,27.45518219,5.78439188,13.81575108,28.849627,9.8254642,40.057743,6.9,4.7,22,119548350.7,1.490596818,3.164562945,252621145.9,4.665509725,5.108333879,2277679.656,0.016080524,0.073124259,684717461.2,11.1885052,15.3637014,0.282930466,0.187931534,0.05267599,59,3,51741116,357.28375,8100671
KW,51.29381317,52.41355805,5.016313076,13.95268726,98.36982,71.420197,428.02997,12.2,37.9,22.1,3883795.408,0.958750488,1.185641881,30074538.4,7.652778363,9.030737615,22411.3488,0.004424313,0.007570735,61921433.84,13.3635259,20.1679946,0.223595674,0.220268675,0.04595136,4,1,3544880,152.31728,101369
KZ,13.6932918,17.8633836,1.064412475,3.795865059,446.35999,275.40726,1163.4463,6.1,21,24.4,62293749.27,2.661411798,4.272669117,138805587.4,6.722839441,8.659997072,1583333.052,0.063730101,0.112850696,481112341.1,24.7893926,28.401291,0.217699687,0.213799322,0.04851734,0,0,18140754,3.8845463,1401467
LA,24.6150643,24.77089569,1.546052575,3.326818228,338.81619,201.91553,628.53381,6.4,5.3,37.8,21730308.96,2.671536583,3.060980097,45977726.68,5.877512429,6.249643387,989062.2546,0.072123596,0.189211149,146645369.1,19.2484359,19.4267356,0.18728047,0.235441861,0.03809472,0,0,7583584,26.790396,320988
LB,18.36392947,18.57286754,8.153396606,21.03697968,39.682129,16.120802,101.11642,11.2,32,42.6,28960991.53,2.649805462,3.181631989,85115022.97,7.765429128,9.372704654,245336.0076,0.015322522,0.034015267,195573090.5,16.4674188,22.899802,0.243373421,0.244541629,0.04450877,2,0,9928766,691.2738,915438
LK,20.55271903,20.84649087,2.166710854,3.569536209,62.556282,26.82362,126.45401,10.7,5.2,22.9,53655134.5,1.809172983,3.295348705,119836761.8,5.317357603,5.987116963,194459.9978,0.00598582,0.012557351,505965361.2,23.8161309,23.8097375,0.257863131,0.22356717,0.05377506,0,0,21247398,273.98676,2381162
LR,46.38101029,45.89528197,0.483755797,1.262639046,252.41579,92.205231,177.59203,2.4,9.9,8.4,6933465.082,1.765846857,1.324591194,29311191.37,6.268727519,6.786564887,4216294.463,1.147772094,0.732135932,100094637.4,21.8866092,22.6996581,0.153166664,0.227377058,0.03038799,0,0,4489604,39.794048,138281
LS,9.163576609,9.6686163,1.852990746,3.050389767,143.39404,26.975801,144.25728,4.5,16.6,29.7,5708075.508,2.574891282,3.546290457,12023503.48,6.143686956,6.732772676,38059363.46,23.14123762,17.52977219,40160564.32,23.8788378,19.0504679,0.299210923,0.358621274,0.05748642,0,0,1868527,45.610535,84421
LT,12.74846528,13.18563176,4.917281628,6.401962757,51.771824,16.503244,158.9675,3.8,26.3,27.1,4942691.542,1.12159062,2.597225589,21384422.11,7.143863763,8.516008335,182782.2522,0.046272329,0.090351759,95095490.38,31.2301185,38.5094733,0.351970956,0.22302972,0.07517307,0,0,2751951,20.798796,557405
LU,12.23447155,12.41857928,6.464730263,7.271630764,14.750108,7.8539624,84.870201,5,22.6,21.7,2177368.3,3.520175944,3.892894626,3796043.13,6.188103071,6.736197479,47118.30086,0.050330686,0.109942459,15448536.87,21.0584288,31.5155674,0.30315196,0.222612536,0.05663099,0,0,588958,127.17725,87267
LV,10.3596921,10.71653427,4.585998535,6.517357349,77.60321,21.58433,213.04385,5,23.6,36.7,3676309.867,1.029818311,2.026898566,19254984.06,6.905370545,8.815208746,495463.7041,0.153303612,0.255879367,90282974.19,33.1789639,40.378593,0.35005956,0.223729097,0.07817345,0,0,2475918,18.102781,511381
LY,34.53110788,24.30999475,0.488548815,3.199557066,1612.1366,1014.631,2541.364,10.2,32.5,NA,17796817.31,2.094935839,3.052350939,60196853.88,8.18838591,9.238482417,139657.0686,0.020165483,0.020282367,142194307.6,18.5933124,22.560495,0.224573761,0.252946338,0.04442997,0,0,6905388,3.2579422,320630
MA,19.37841328,15.87643583,1.912346482,5.346463203,125.76559,90.645508,588.40106,7,26.1,14.7,71102978.87,1.631104181,2.367031725,316327556.3,8.197014156,9.584295546,1329770.814,0.036811287,0.037922737,846847199.3,23.7611276,23.8302782,0.237907122,0.239661223,0.04754715,0,0,35588768,62.71801,2680046
MD,12.85920281,12.93845927,4.738976002,5.183413029,58.740223,20.265041,128.39287,5.7,18.9,25.3,8033595.509,1.482767178,2.9353543,26777222.23,6.527074918,8.04553883,729331.1881,0.182824969,0.213599908,122887787.8,31.4667605,35.2641947,0.295561048,0.227224083,0.0709515,0,0,3692799,63.735989,476623
ME,14.63134562,14.60068645,2.296006918,2.249615431,78.532608,33.244465,186.83643,9,23.3,NA,842262.1445,1.147357062,1.633233692,4672517.288,6.943906819,8.464806045,8368.261647,0.00756954,0.020168323,20648060.15,30.1873794,37.9188914,0.291755561,0.210141916,0.07016305,0,0,607337,29.088402,98336
MG,4.785937151,5.11478078,0.540564716,1.441850066,512.52155,120.99082,181.03555,4.5,5.3,28.9,62110209.72,2.163254693,2.311619066,210897424.6,7.605138529,7.583388385,5322788.877,0.225018094,0.157549011,604551751,21.3227951,22.2273061,0.138350058,0.208323396,0.02712438,0,0,27770164,37.896378,862657
MK,15.25365714,16.84733505,3.337297201,3.88615346,68.652397,32.990906,186.10034,9.3,22.4,NA,4566055.064,1.705253849,2.646287117,15226373.85,6.565196369,7.945724459,10676.36322,0.004214028,0.005960728,NA,NA,NA,0.293243044,0.214060614,0.07091237,0,0,2098622,55.231255,304126
ML,62.66535011,55.75891653,0.56850636,2.734890461,1857.8579,516.60663,940.60553,2.4,8.6,12,55218836.14,2.471735029,2.273290501,142179794.1,6.032064625,6.191487443,17484000.62,0.905742122,0.59450931,578770963.2,25.5998688,24.1400846,0.12793887,0.222665531,0.0251043,0,0,23265906,15.168108,572381
MM,20.65545717,21.33404283,0.960847199,2.454618454,327.38901,273.0925,806.28021,3.9,5.8,45.5,197389213.6,3.980638913,4.198487186,281895847.3,5.456506503,6.242494591,19029742.12,0.38839599,0.399761084,1086603503,22.3731973,22.6151801,0.228177223,0.237913469,0.05058058,0,0,48315932,57.59837,3096218
MN,11.13526319,10.3313131,0.79777652,4.11032629,708.01947,305.02338,1683.8782,4.7,20.6,27.6,4366436.768,1.191022147,1.577224349,26800332.6,7.367381091,9.621528644,44807.98332,0.004507656,0.024175949,78143328.01,21.663299,27.865772,0.182661792,0.21145479,0.04059164,0,9,3162416,1.1974641,137865
MR,61.28945476,59.82242008,0.325951397,4.186428547,2437.8689,1287.4728,2022.687,7.1,12.7,NA,7901723.818,1.968710857,1.551800939,30257671.5,6.513985127,7.059227398,183945.2198,0.024561403,0.059308683,114477516,25.1361453,26.1728108,0.144726653,0.215783012,0.02997971,0,0,4466171,3.44117,137361
MT,12.41645836,12.29175099,5.021603584,5.40752697,7.4386792,2.847919,29.938242,8.3,28.9,25.1,1107214.406,1.847587014,3.470936662,2419818.873,5.244099964,6.37514668,36942.38936,0.092484726,0.084856303,10373416.72,20.823886,28.9921967,0.323138475,0.205518732,0.06444944,0,0,416593,890.15558,87297
MU,2.203435664,2.213152204,0.653667748,1.34632206,122.30261,6.9733768,48.532169,22,10.8,26.9,2681014.175,1.442746852,2.846574922,7942827.678,6.014624702,6.621173742,298849.7533,0.113235075,0.366855196,34010037.06,26.4745888,27.6003152,0.344733328,0.275528298,0.07071692,0,0,1258416,499.3714,156019
MV,NA,NA,NA,NA,1209.1,73.865204,1310.5,9.2,8.6,NA,1186938.329,3.997590399,2.800036786,2107172.664,5.393418035,6.255184372,1211.366349,0.005589753,0.001719356,7322137.575,16.9651704,23.0750081,0.179942761,0.206029927,0.03125239,0,0,358073,1031.91,15582
MW,11.75680111,11.44511978,1.425319076,2.515261173,119.20161,36.919636,219.69554,4.5,5.8,12.8,29290420.95,1.287099409,1.887584704,130845605.5,6.870582858,7.307925717,147228121.3,9.42958743,6.519018873,400687430.9,22.0717249,21.343895,0.171440287,0.268947583,0.02764121,0,0,18457750,161.83484,531276
MX,8.871781928,13.32356185,1.932871103,9.478406906,192.53964,101.43743,597.0238,13.5,28.9,13.9,336723022.8,2.242495763,2.569331769,743005982.6,5.388968616,5.20195348,25372020.39,0.073880156,0.294463111,2601789453,16.5781916,20.6472866,0.244624432,0.248224779,0.04646372,0,0,140237024,56.18718,10329350
MY,18.00903867,25.6983369,1.715385675,5.986351013,298.03751,130.26312,396.7413,16.7,15.6,21.8,75621356.64,1.673301007,2.706211049,241543212,6.858827684,7.161423001,5982055.843,0.10595357,0.239938273,713220904.8,18.1470691,23.2075399,0.222349847,0.224297431,0.04264793,1,5,34448496,89.213837,2346693
MZ,9.149975833,9.157225308,0.631917715,1.348088384,209.89182,86.837547,229.10811,3.3,7.2,14.4,50271080.88,1.287979047,1.980915839,230497198.2,7.213834977,7.721563828,328777317.9,12.28597128,8.937122986,702617604.6,23.3805437,22.0904886,0.18000096,0.277340357,0.02910463,0,0,30886646,32.357014,883920
NA,8.904739681,10.14385714,1.585063338,5.178176403,348.28345,118.25399,618.32623,4.5,17.2,17.9,5914689.096,1.710232012,3.115123296,15801359.28,6.197898113,6.769569074,25076712.57,12.16768748,8.520878984,54467378.07,22.4226082,22.3259119,0.215657018,0.291754079,0.03871357,0,0,2434503,2.3509934,85486
NE,69.42405305,75.24583917,0.626100481,2.244590282,1343.5659,668.1665,1308.9604,2.4,5.5,8.6,41865112.08,1.786649357,1.705903942,147182984.7,5.941980915,6.339561952,6875714.381,0.31057151,0.262878435,650259972.2,27.703206,26.5444677,0.124368757,0.218507423,0.02330065,0,0,23971524,16.517529,613380
NG,72.88230876,75.09497946,1.566573501,2.78970623,72.69989,25.408609,68.160316,3.1,8.9,4.8,295328342.1,1.473078435,1.262584461,1447032202,6.529452915,6.849152786,275196475,1.437159998,1.114402264,3935214716,18.6242018,17.7910636,0.140760958,0.220836729,0.03043936,0,0,216223072,200.99638,6906270
NI,9.673393593,10.29467017,0.963139594,2.075089693,293.72842,170.59575,581.18384,11.4,23.7,NA,12826248.56,1.847573,1.90212621,38089652.67,5.456230741,5.679984343,1633335.501,0.163287929,0.316261419,117556074.5,16.2034054,18.1844109,0.185539673,0.215664371,0.03410195,0,0,6871035,47.886776,418654
NL,14.33887932,14.92419514,7.947118759,9.337916374,11.015059,5.4632435,70.459183,5.4,20.4,23.4,73706295.73,4.270575315,4.252737983,106036116.2,5.301443368,6.97773389,1813710.709,0.066909819,0.143608828,432887221.7,21.6875161,28.4407046,0.309376848,0.200242051,0.06101648,1,0,17306986,257.38358,3389600
NO,4.171130827,5.438006726,2.447779655,4.631200314,263.29022,86.107613,511.10559,5.3,23.1,18.4,20866501.03,4.015070645,4.010876395,37009082.81,6.455163007,7.772136794,343835.0232,0.054536436,0.077580937,129668135.4,20.977405,28.8518056,0.276976048,0.193672449,0.05289586,0,0,5199776,6.0060945,905258
NP,43.18953788,63.44584695,1.587138653,5.671988487,335.28049,156.90039,362.93683,7.2,4.1,31.9,154040703.4,3.960167841,3.565705984,225753680.1,4.839687493,6.280931348,4170947.262,0.06316353,0.144778038,1065874920,25.0458909,27.2515778,0.175074633,0.207468831,0.03727771,0,0,40839720,208.85182,2793981
NZ,2.196434771,4.006231855,0.553324223,3.52887392,226.53746,123.30612,726.0517,6.2,30.8,14.8,16339238.61,3.784152468,3.700952626,28033976.73,5.773216086,7.110298371,262954.539,0.026053984,0.096391918,87919044.86,17.8907257,22.5262875,0.240772533,0.170380675,0.04654567,0,1,4364458,10.502871,710564
OM,52.35762446,45.46847231,1.368786931,4.374331951,292.11609,145.28368,1051.0433,10.1,27,9.6,5242125.066,1.119619121,1.560028913,32260852.03,7.753791644,9.136427614,205183.8078,0.039067507,0.063618527,60040568,14.9803076,16.7082141,0.18955698,0.235944463,0.03224239,4,0,3728289,9.6551275,93440
PA,11.51234579,10.97392577,1.083150983,2.919965744,285.00439,218.74054,757.98547,7.7,22.7,6.9,6814224.702,1.553393803,1.828823021,22109024.2,5.365093202,5.613134359,2146103.193,0.273301005,0.788927113,77951716.34,17.1373889,21.544935,0.20735475,0.204241035,0.03524171,0,0,4027162,45.349392,335642
PE,12.96129812,31.7878159,1.709553957,7.105755329,145.54398,102.72936,383.75687,6.6,19.7,9.6,1375602.365,1.254181479,1.382420761,4668719.244,4.370569822,4.58133701,264585.1533,0.144576489,0.359647542,13138946.7,10.4258599,14.7107555,0.179253857,0.173204897,0.03543798,0,0,1042693,26.992483,96171
PG,5.921423199,5.978457403,0.776491046,1.139845252,1188.7401,823.94342,2210.0388,17.9,21.3,NA,29100886.1,3.461324671,2.8946462,60970209.75,6.433769848,6.854873901,9535315.575,1.201955232,0.882985085,186099910.6,20.3530311,20.2324516,0.237569856,0.306503522,0.04737246,0,0,9171236,16.816847,371562
PH,8.094086291,11.86836917,1.539964914,6.107502937,121.45258,76.842789,250.19727,7.1,6.4,24.3,268964686.1,1.725991405,3.388511146,684081147.3,6.396889653,6.628260369,27575253.76,0.115025076,0.408808273,2001466105,17.6881915,20.4117388,0.205678563,0.237561299,0.03933617,1,14,105032112,298.05307,5306471
PK,56.26610324,56.89790691,1.997956157,5.0235672,261.0192,203.61223,680.05908,19.9,8.6,20,624784709.2,2.39059326,2.99568057,1711237962,6.969456147,7.810348971,8990476.984,0.023978492,0.052856218,5876583913,23.7973339,26.9493723,0.166890337,0.220922932,0.03424986,0,0,231126080,196.26926,10509906
PL,19.82503627,21.21631061,5.196757317,6.982774734,34.58456,10.737084,107.14614,6.1,23.1,26,98862288.3,1.919003402,3.172369983,270990330.9,6.738324064,7.106515073,1443053.372,0.019986544,0.054933149,1342881773,30.6117789,38.2046354,0.318493678,0.209868118,0.0653223,0,0,39196280,66.624763,7218390
PT,8.129815484,8.567569161,3.675462008,6.683374882,156.00949,10.627745,98.804947,9.8,20.8,27.9,31846309.18,2.25682871,3.824986221,56839109.05,4.9464868,5.799935215,3746502.027,0.17744387,0.548429306,335976595.6,28.570502,35.0305547,0.339776985,0.208076641,0.06738098,0,0,10625818,76.586342,2371285
PY,8.643214224,7.995990522,1.170612097,3.88107729,370.16336,125.99651,734.16724,9.6,20.3,12.8,14101942.19,1.414890411,2.348431619,43042402.86,5.1498564,6.355861481,1816427.833,0.17419537,0.310360737,161996614.7,18.4064689,24.8745261,0.181545709,0.206161474,0.03493299,0,0,7493273,14.803046,505221
QA,51.84453316,56.42845253,6.926552773,17.22035408,56.787144,33.018456,285.55319,15.6,35.1,14,12664016.34,1.786077692,1.917142156,51832640.81,6.854112079,8.002443282,34004.74719,0.005871822,0.004780404,101716786.6,11.4831123,16.3758902,0.204288193,0.234062359,0.03366247,33,0,6722664,447.6106,117944
RO,14.61883331,15.509286,3.734638214,5.596422672,59.19165,27.21394,205.01826,6.9,22.5,25.5,88001798.52,1.661588635,3.573942368,260654622.4,6.921875446,8.494089225,2824891.712,0.071203495,0.096043834,1202498785,32.6390232,38.4484721,0.312981646,0.203049162,0.07134805,0,1,33893300,85.580498,6466988
RS,16.81951624,19.00135561,3.659790993,5.81068325,41.465515,20.971434,147.75357,9,21.5,40.6,22037360.25,2.713003494,3.621758692,57666794.14,7.645375851,8.90269154,171473.067,0.009914125,0.039962624,244900228.6,32.5023228,37.7724945,0.320982497,0.211862013,0.08079059,0,0,6983139,55.530155,1291321
RU,8.438950964,14.14287343,0.867717385,7.562550068,2153.8687,883.90796,2744.0242,6.1,23.1,28.3,295302916.7,1.403024577,2.934325959,1127026350,7.761426974,8.320543164,103888421.2,0.476182745,1.053120041,4464388161,29.4456938,34.5128774,0.319503297,0.230374213,0.07331579,0,1,140596976,3.3787088,21921128
RW,24.52446863,24.90787299,1.586269259,2.15955162,60.201508,15.042843,62.639145,5.1,5.8,13.3,25765641.32,1.71907809,2.096177099,84676138.11,6.233075342,6.301696135,29894589.07,2.633010508,1.78962047,264645500.5,19.9675442,19.2053733,0.14406142,0.212137864,0.02654479,0,0,13510832,475.23151,364198
SA,42.18707222,41.84664083,1.440440774,4.384817123,651.49451,458.2229,1131.3657,15.8,35.4,16.6,79881318.18,2.036053573,2.25603744,306279655.8,7.813679469,8.644913034,931576.9985,0.028089709,0.023147879,700850604.6,16.2387495,20.9761112,0.204479967,0.22683033,0.04067316,458,0,36924304,15.042521,1370439
SB,3.111233518,3.014445943,0.035047892,0.082372747,924.94312,726.63391,6444.5967,19,22.5,37.9,839369.0034,1.644832983,1.403890984,3716704.335,6.6609777,6.805582629,69820.11549,0.136654731,0.116934429,9416973.746,17.6720796,16.4903114,0.210408108,0.293376619,0.03447837,0,0,551828,16.420527,19218
SD,36.13415494,34.51910216,0.60186398,1.692900062,1338.0297,1114.0684,1915.4562,22.1,6.6,NA,82295766.49,1.74130635,2.109089069,367682160.5,8.015653059,9.19409468,13466992.89,0.343541336,0.288256549,1026781343,23.0497436,25.0292938,0.174496435,0.243656355,0.03035944,0,0,42686140,18.723856,1548412
SE,4.595763039,7.167540329,2.106477022,6.02080965,197.89499,59.38657,498.07288,4.8,20.6,28.8,35335397.38,3.566626788,3.405950095,71426263.46,6.660035194,7.434348637,494870.0845,0.035710439,0.061944138,262709272.2,22.3075856,29.5328683,0.311940148,0.209239091,0.06041234,0,3,10135501,9.0574884,2040648
SG,45.80871212,45.74592862,15.56328106,17.80053329,1.8938714,1.5363172,16.105341,5.5,6.1,16.5,7629954.209,0.935014565,2.484375024,23319664.87,4.818779305,5.586069799,286577.5848,0.034075006,0.094380149,74905299.3,13.7445246,19.7175983,0.270726884,0.191312033,0.04866992,0,238,4486291,5671.6699,674853
SI,13.84509371,14.64276085,3.151120186,4.726884842,41.55706,8.9751415,79.448975,5.9,20.2,22.7,4697763.311,1.604330264,2.712520868,16562177.31,6.891241177,8.296587633,24477.32036,0.003732396,0.018877935,83514169.52,34.8265115,41.7555798,0.327018787,0.200854888,0.06680176,0,0,2183542,65.252426,446441
SK,17.08967351,17.80515227,4.38517046,5.457112312,44.064159,13.586867,116.71828,6.5,20.5,32.3,11519645.92,1.572357898,2.689665056,40232227.38,6.543068301,8.279111694,31428.81909,0.003441519,0.0082372,180024331.7,29.2319972,37.0945136,0.308858518,0.211896255,0.06773022,0,0,5447615,63.127808,904392
SL,44.6568217,45.09906793,0.688749492,2.416504383,118.13803,21.481201,59.347931,2.4,8.7,19.8,12928093.78,2.045260876,1.768626978,47987561.13,6.890709286,7.285932308,8228772.68,1.428079219,0.995881345,157861816.6,23.2621069,23.3570465,0.151417054,0.229782356,0.03272741,0,0,6772595,78.872162,172757
SN,53.94881727,51.79078859,1.164983273,3.000544786,178.18372,44.158375,149.56947,2.4,8.8,9.1,29214548.99,1.709846351,1.88667394,108766218.6,6.462506049,6.924385345,6744405.554,0.534588937,0.291344206,373936701.9,23.0783681,22.9188036,0.139643939,0.221825624,0.02798556,0,0,16258253,68.647728,494296
SO,16.68362053,13.65745061,1.109764099,1.633253932,291.07013,73.428215,322.49652,5.1,8.3,NA,17430221.96,1.437303669,1.725626985,72328787.32,6.512291009,6.606684432,2853692.339,0.29739427,0.219765993,284644605.1,24.6587541,26.9805942,0.127331175,0.212856458,0.02505294,0,0,11027022,14.770324,304146
SR,12.43214053,13.62357572,1.013091564,2.4010849,1975.7893,1592.8578,4192.5713,12.5,26.4,NA,979355.3043,1.491103545,1.644945898,4579227.83,6.803817402,7.861300478,384547.8686,0.561693821,0.669930902,13567294.36,19.9413587,23.5105255,0.225731976,0.229460169,0.04732256,0,0,624747,3.6537883,42542
SS,25.16301231,22.25048298,0.823137045,1.021170855,331.24091,166.62872,295.27182,10.2,6.6,NA,26802236.45,1.494231803,1.698643814,116939326.2,6.896278607,7.047229636,27340705.23,1.92586965,1.344848609,NA,NA,NA,0.139903618,0.213774868,0.02903076,0,0,16770151,22.637863,558327
ST,15.67288194,15.70348296,0.019807976,0.019807976,167.99193,69.010246,113.11749,2.4,12.4,5.4,709514.6528,3.284716478,3.774604197,1600357.239,7.935782855,7.982507047,3477.471026,0.00849401,0.026169701,3953134.8,18.4364761,20.894115,0.150572773,0.228197297,0.02792251,0,0,201074,170.83603,5643
SV,12.22962154,12.29307299,2.735093117,4.068263054,38.644394,17.104216,109.43677,8.8,24.6,12.7,11595011.78,1.687045429,1.760286875,34926810.37,5.143089051,5.232443513,2476099.8,0.241466667,0.511397242,113567632.9,15.8738338,17.9824657,0.215438795,0.222121442,0.041264,0,0,6736342,275.14362,592332
SY,21.28045611,20.23718004,3.04929328,5.83835125,124.10313,98.868233,597.53516,13.5,27.8,NA,55803200.32,1.770680503,2.391423449,231026890.7,8.008972202,9.231410845,77087.57255,0.002183904,0.003562167,544300177.8,19.3611929,21.2638484,0.192180698,0.232053076,0.03572172,0,0,26791702,101.09008,1312302
SZ,9.816928838,9.977410085,2.207317114,2.588917255,57.353863,13.075278,78.79821,4.5,16.5,10.7,2986305.851,2.032861881,3.487535354,7397892.95,6.437436611,7.076962923,25123087.99,25.26915985,20.23366642,NA,NA,NA,0.286951244,0.385763355,0.04637189,0,0,1097640,48.426716,35134
TD,50.8976315,47.87655388,0.352398217,1.211822152,1228.8214,468.59064,988.97577,6,6.1,11.8,28510598.32,1.755909129,1.681978989,103106745.3,5.976612259,6.477685893,21678728.96,1.504620133,1.099753885,403384088.4,24.4592876,24.203915,0.127888129,0.225350868,0.02501876,0,0,16576186,10.751407,429745
TG,67.23551603,68.16588605,1.142765999,2.377069712,75.652939,29.803225,135.60948,2.4,8.4,7.6,17728284.63,1.875557468,2.186348513,58971820.9,6.441165569,7.059038726,14915788.58,2.118618251,1.268354436,191627965.1,21.8217058,21.9966485,0.150563195,0.226060706,0.03073515,0,0,8747429,129.88596,241289
TH,21.07087703,22.28798853,2.003316164,4.751708984,113.91986,30.945013,101.39594,7,10,22.8,159311438.5,1.402159709,2.888779947,417571556.3,5.400119832,5.776554543,48982853.73,0.547442287,0.76713378,1868332637,23.8336616,26.1872952,0.274912934,0.210333163,0.05239639,2,9,74772272,120.34926,9177435
TJ,24.91435887,36.31837756,2.084519863,5.93034935,588.45081,365.70731,921.62396,6.1,14.2,NA,17752275.81,1.799943292,1.98124961,71905069.45,6.611268509,8.692096754,502080.187,0.076772295,0.030635814,194052289.4,19.9657995,21.3721151,0.163951872,0.225721776,0.03367317,0,0,9385682,44.607059,355590
TL,9.650173689,10.08834914,1.125566125,2.165017843,163.67032,39.772007,106.905,6.7,3.8,38.2,3592832.634,2.237510043,2.902717192,8591195.869,5.851236119,6.45045809,449220.5701,0.249659934,0.392412416,29591265.23,21.4622225,20.9364425,0.167621437,0.230215704,0.03300961,0,0,1396039,79.17646,47606
TN,20.17488389,14.83297423,2.190366268,4.644551277,200.17056,112.39437,557.96741,8.5,26.9,26,25670131.87,1.543808935,2.877405722,89354004.1,7.110324323,8.267639611,302001.8068,0.021943663,0.03004532,264918845.7,22.4096191,23.1744201,0.237445218,0.219663823,0.04981336,2,0,11623968,53.360607,1022648
TR,15.87613465,16.99525334,3.454675436,7.03189373,73.96611,37.552265,277.27841,11.1,32.1,29.3,284732914.6,2.619489394,4.495536819,526944005.2,6.431828087,6.744150642,493504.4523,0.004098073,0.008231458,1586345095,20.4426575,19.2289113,0.237765964,0.224677344,0.04544678,1,0,80240488,69.21508,7055986
TT,5.849271492,5.887688091,1.556248903,2.515801191,60.435043,22.285503,85.288971,11,18.6,NA,1701824.066,0.80372056,1.69542484,10598088.29,7.274386949,8.259562688,852933.0144,0.634422943,0.615112046,37717703.03,26.5687062,28.70649,0.287529654,0.237700039,0.06080244,0,0,1365065,222.79495,146446
TZ,12.19214205,12.49954408,0.835088789,1.968522429,263.15286,85.436432,239.41547,5.7,8.4,13.3,75368182.04,1.313925102,1.363633082,387027830.8,6.791604863,6.95795402,206008001.2,4.397930839,2.918308255,1178091714,20.8580374,20.994306,0.137663924,0.218141419,0.02503896,0,0,56297808,53.963715,1738521
UA,13.91301656,14.5682679,3.356811047,5.136394024,58.850929,36.949013,209.41487,6.1,NA,25.5,94925425.2,1.396653643,3.089253627,352789837.8,7.780757851,8.419968717,24004392.16,0.437292765,0.681787466,1418268543,30.4114094,34.8759228,0.327719638,0.22787242,0.08004766,0,0,43699724,41.585991,7573280
UG,20.70104447,21.70863618,1.047019362,1.544017553,125.10016,40.151279,258.29788,2.5,5.3,9.8,68274942.49,1.411873619,1.827427962,272130034.3,6.416451364,6.487932883,214023824.9,5.775872093,4.366821374,822108405,18.959877,20.028101,0.138016053,0.236639784,0.02277663,0,0,42177372,173.13625,913702
US,6.287575989,8.394332557,2.625198603,9.195489883,1269.0768,552.40851,2004.4257,10.8,36.2,25.1,488915287.8,3.875953504,4.087717116,1016090350,7.98210583,8.570509238,58088517.77,0.257427997,0.694525494,2019186510,14.9656406,17.9534315,0.284804316,0.199800584,0.05841929,4,33,122832256,17.339632,18905654
UY,4.319824559,5.306359456,1.592363954,6.612765789,146.18602,51.428623,357.47305,7.3,27.9,21.8,11938048.62,2.652558739,4.578026101,17718566.61,4.946752142,5.702631214,1202142.071,0.189153074,0.545310078,81519433.21,22.2745786,26.7605041,0.255109813,0.193792378,0.05225062,0,0,3340727,13.635397,496691
UZ,30.87910087,33.72334732,1.825918436,4.793694019,511.7421,341.76935,1120.744,6.5,16.6,12.3,57448717.7,1.448873222,1.958349702,290521922.9,7.49493,9.735084374,2235592.004,0.061307168,0.07126775,729937151.8,20.7342738,22.5501231,0.204928308,0.2319541,0.04376117,0,0,33729744,50.208542,1656024
VE,14.17642517,14.19500137,1.265630364,3.21906352,1481.6549,1046.3588,1861.7778,7,25.6,NA,67462736.53,1.889329775,2.342030358,149772651.7,4.430303946,4.961980582,10435642.44,0.161091372,0.494377172,556387368.5,14.7948666,20.1081321,0.208570835,0.207399658,0.04328555,0,0,31901400,29.755188,2260556
VN,23.46651568,25.77046239,2.540946484,6.662252426,91.525276,62.504383,206.9846,6,2.1,NA,314843454.9,2.177594823,4.207602544,578328864.3,5.310120532,6.396741558,22720734.53,0.096351963,0.365456119,2200240989,21.5018618,23.014882,0.226866075,0.212579713,0.04272955,0,63,98877976,246.12982,7772058
YE,40.67463023,30.32659049,1.300950289,4.320763588,575.41827,342.09579,569.66577,5.4,17.1,20.9,64626643.7,1.855930974,2.41474263,253249674.1,7.752912296,8.996979601,763378.2376,0.016905818,0.033387541,681000619.6,22.4355201,22.6539733,0.160482047,0.236015734,0.02851975,1,0,30204364,54.946499,908214
ZA,7.929629159,11.4792315,2.065730333,5.820603371,139.52647,40.458424,285.80988,12.7,28.3,31.4,146653863.3,1.970930375,2.9328694,422230874.6,6.738276412,7.36209033,841024633.1,16.94060845,11.08528907,1436101592,24.3619864,23.5718764,0.274812673,0.30119706,0.05258729,0,1,59911772,36.822422,3406292
ZM,14.11510186,13.89913233,0.557668746,1.868895769,220.56245,94.400063,236.3976,4.5,8.1,14.7,31752816.98,1.537466115,1.858622092,119162707.3,6.385093882,6.365053261,175343170,10.73678938,8.035942942,364552977.6,18.0403139,20.9533591,0.164229545,0.2678761,0.02508217,0,0,18692100,20.976574,437770
ZW,10.10815132,10.12130734,1.100105882,2.357965469,138.20201,69.78083,167.60208,1.8,15.5,13.9,30777412.9,1.838364079,2.440302832,97955785.47,6.617619866,7.019589493,155974157.9,12.33147811,9.428397421,291135740.7,20.6764629,19.8804194,0.203005262,0.306500723,0.03479482,0,0,14360526,29.928238,405155
